Location,Timestamp,Temperature,Humidity,CO2,Occupancy status,Lux
06-07-2022,23:45:00,26,61.8,1013,0,2
07-07-2022,00:00:00,26.3,62.1,992,0,2
07-07-2022,00:15:00,26.6,63.2,966,0,2
07-07-2022,00:30:00,26.8,63.8,949,0,3
07-07-2022,00:45:00,26.9,66.4,881,0,3
07-07-2022,01:00:00,27.1,68.3,806,0,4
07-07-2022,01:15:00,27.2,70.9,733,0,5
07-07-2022,01:30:00,27.4,74.1,669,0,3
07-07-2022,01:45:00,27.5,74.6,640,0,3
07-07-2022,02:00:00,27.6,75.2,640,0,4
07-07-2022,02:15:00,27.7,75,638,0,5
07-07-2022,02:30:00,27.7,75.3,624,0,6
07-07-2022,02:45:00,27.8,74.6,629,0,7
07-07-2022,03:00:00,27.9,74.4,610,0,8
07-07-2022,03:15:00,27.9,74.2,604,0,9
07-07-2022,03:30:00,28,74.3,591,0,2
07-07-2022,03:45:00,28,74.5,586,0,3
07-07-2022,04:00:00,28.1,74.4,586,0,3
07-07-2022,04:15:00,28.1,74.8,572,0,4
07-07-2022,04:30:00,28.1,74.7,575,0,5
07-07-2022,04:45:00,28.2,74.9,567,0,6
07-07-2022,05:00:00,28.2,75.1,563,0,7
07-07-2022,05:15:00,28.2,75.3,557,0,8
07-07-2022,05:30:00,28.2,75.6,552,0,9
07-07-2022,05:45:00,28.3,75.9,556,0,10
07-07-2022,06:00:00,28.3,76.2,558,0,11
07-07-2022,06:15:00,28.3,76.1,550,0,17
07-07-2022,06:30:00,28.3,76.3,544,0,22
07-07-2022,06:45:00,28.3,76.7,544,0,35
07-07-2022,07:00:00,28.4,76.9,543,0,42
07-07-2022,07:15:00,28.4,77.3,530,0,68
07-07-2022,07:30:00,28.4,77.6,533,0,74
07-07-2022,07:45:00,28.4,78,518,0,85
07-07-2022,08:00:00,28.4,78.5,520,0,98
07-07-2022,08:15:00,28.5,78.9,507,0,106
07-07-2022,08:30:00,28.5,79.3,512,0,109
07-07-2022,08:45:00,28.5,78.8,503,0,111
07-07-2022,09:00:00,28.5,78.7,514,0,114
07-07-2022,09:15:00,28.5,79.3,505,0,117
07-07-2022,09:30:00,28.6,79.3,495,0,120
07-07-2022,09:45:00,28.6,79.6,492,0,123
07-07-2022,10:00:00,28.7,79.7,490,0,125
07-07-2022,10:15:00,27.1,63.6,551,0,128
07-07-2022,10:30:00,26.2,55.1,554,0,131
07-07-2022,10:45:00,25.8,51.3,573,0,133
07-07-2022,11:00:00,25.3,50.3,582,0,136
07-07-2022,11:15:00,25,49.2,589,0,139
07-07-2022,11:30:00,24.8,50.2,590,0,141
07-07-2022,11:45:00,24.7,50,584,0,144
07-07-2022,12:00:00,24.5,51.4,609,0,147
07-07-2022,12:15:00,24.5,50.8,611,0,149
07-07-2022,12:30:00,24.2,50,601,0,152
07-07-2022,12:45:00,24.4,60.3,570,0,155
07-07-2022,13:00:00,25.5,75.6,591,0,157
07-07-2022,13:15:00,25.8,72.7,621,0,160
07-07-2022,13:30:00,26.7,78.1,604,0,163
07-07-2022,13:45:00,27.1,80.5,596,0,165
07-07-2022,14:00:00,27.4,79.1,613,0,167
07-07-2022,14:15:00,26.6,62.3,697,0,170
07-07-2022,14:30:00,26.1,55.3,767,0,172
07-07-2022,14:45:00,25.7,53.1,767,0,174
07-07-2022,15:00:00,25.6,52.4,797,0,176
07-07-2022,15:15:00,25.4,55.2,767,0,179
07-07-2022,15:30:00,24.8,49,767,0,181
07-07-2022,15:45:00,24.5,47.3,774,0,183
07-07-2022,16:00:00,24.3,46,779,0,186
07-07-2022,16:15:00,24.1,46.4,772,0,188
07-07-2022,16:30:00,23.9,46.9,745,0,190
07-07-2022,16:45:00,23.7,47.7,720,0,192
07-07-2022,17:00:00,23.6,47.4,702,0,194
07-07-2022,17:15:00,23.5,47.3,670,0,196
07-07-2022,17:30:00,23.7,51.3,669,0,198
07-07-2022,17:45:00,25.4,59.1,750,0,201
07-07-2022,18:00:00,26.1,73.7,636,0,204
07-07-2022,18:15:00,26.5,76.5,627,0,207
07-07-2022,18:30:00,27,78,633,0,209
07-07-2022,18:45:00,27.3,79,627,0,211
07-07-2022,19:00:00,26.6,59.6,767,0,212
07-07-2022,19:15:00,26.4,59.6,785,0,214
07-07-2022,19:30:00,27,62.7,770,0,217
07-07-2022,19:45:00,27.3,63.6,771,0,218
07-07-2022,20:00:00,27.5,65.1,738,0,221
07-07-2022,20:15:00,27.7,66.6,728,0,224
07-07-2022,20:30:00,27.8,68.7,681,0,226
07-07-2022,20:45:00,28,70.1,660,0,228
07-07-2022,21:00:00,28,71.6,623,0,231
07-07-2022,21:15:00,28.1,73.1,596,0,232
07-07-2022,21:30:00,28.2,73.7,586,0,234
07-07-2022,21:45:00,28.3,74.4,582,0,235
07-07-2022,22:00:00,28.4,74.8,573,0,237
07-07-2022,22:15:00,28.4,75.6,560,0,239
07-07-2022,22:30:00,28.5,76,559,0,242
07-07-2022,22:45:00,27.4,60.6,690,0,244
07-07-2022,23:00:00,27.8,65.1,699,0,246
07-07-2022,23:15:00,28.1,67.4,689,0,248
07-07-2022,23:30:00,28.3,67.5,687,0,250
07-07-2022,23:45:00,28.4,67.6,680,0,238
08-07-2022,00:00:00,28.5,68.1,666,0,174
08-07-2022,00:15:00,28.5,68.6,659,0,176
08-07-2022,00:30:00,28.6,70.4,648,0,179
08-07-2022,00:45:00,28.6,72.3,606,0,181
08-07-2022,01:00:00,28.6,74,584,0,183
08-07-2022,01:15:00,28.7,74.7,575,0,186
08-07-2022,01:30:00,28.7,74.7,576,0,188
08-07-2022,01:45:00,28.8,74.9,571,0,190
08-07-2022,02:00:00,28.8,75.3,565,0,192
08-07-2022,02:15:00,28.8,75.7,560,0,194
08-07-2022,02:30:00,28.8,76,554,0,196
08-07-2022,02:45:00,28.9,76.1,552,0,198
08-07-2022,03:00:00,28.8,76.1,551,0,201
08-07-2022,03:15:00,28.9,76.1,545,0,204
08-07-2022,03:30:00,28.9,76.1,536,0,207
08-07-2022,03:45:00,28.9,76.1,541,0,209
08-07-2022,04:00:00,28.9,76,532,0,211
08-07-2022,04:15:00,28.9,76.2,531,0,212
08-07-2022,04:30:00,28.9,76.2,533,0,214
08-07-2022,04:45:00,28.9,76.3,528,0,217
08-07-2022,05:00:00,28.9,76.4,526,0,218
08-07-2022,05:15:00,28.9,76.6,529,0,221
08-07-2022,05:30:00,28.9,76.7,524,0,224
08-07-2022,05:45:00,28.9,76.9,532,0,226
08-07-2022,06:00:00,28.9,77,534,0,228
08-07-2022,06:15:00,28.9,77.4,531,0,231
08-07-2022,06:30:00,28.9,77.5,529,0,232
08-07-2022,06:45:00,29,77.7,523,0,234
08-07-2022,07:00:00,29,77.9,522,0,235
08-07-2022,07:15:00,29,78.3,519,0,237
08-07-2022,07:30:00,29,78.5,523,0,239
08-07-2022,07:45:00,29,78.7,513,0,242
08-07-2022,08:00:00,29,79,519,0,244
08-07-2022,08:15:00,29,79.3,509,0,246
08-07-2022,08:30:00,29,79.4,505,0,248
08-07-2022,08:45:00,29,79.6,513,0,250
08-07-2022,09:00:00,29.1,79.8,508,0,252
08-07-2022,09:15:00,29.1,79.9,495,0,254
08-07-2022,09:30:00,29.1,80.1,503,0,255
08-07-2022,09:45:00,29.1,80.1,502,0,258
08-07-2022,10:00:00,29.2,80.6,492,0,258
08-07-2022,10:15:00,29.2,80.6,503,0,261
08-07-2022,10:30:00,29.2,80.5,492,0,263
08-07-2022,10:45:00,29.2,80.4,493,0,265
08-07-2022,11:00:00,29.3,80.3,497,0,266
08-07-2022,11:15:00,29.3,80.1,497,0,266
08-07-2022,11:30:00,29.3,80.2,506,0,268
08-07-2022,11:45:00,29.4,80.6,487,0,271
08-07-2022,12:00:00,29.4,80.4,503,0,272
08-07-2022,12:15:00,29.4,80.5,508,0,273
08-07-2022,12:30:00,29.5,81.4,504,0,274
08-07-2022,12:45:00,29.5,81.9,507,0,276
08-07-2022,13:00:00,29.5,81.6,503,0,278
08-07-2022,13:15:00,28,65.9,552,1,280
08-07-2022,13:30:00,28.8,68.4,543,1,281
08-07-2022,13:45:00,29.1,70.3,544,1,282
08-07-2022,14:00:00,29.2,70.3,548,1,283
08-07-2022,14:15:00,28.2,65.9,552,1,284
08-07-2022,14:30:00,27.1,59.3,584,1,286
08-07-2022,14:45:00,28.3,63.1,561,1,288
08-07-2022,15:00:00,28.7,65.9,563,1,288
08-07-2022,15:15:00,28.5,65.1,591,1,290
08-07-2022,15:30:00,27.5,58.4,592,1,291
08-07-2022,15:45:00,26.3,50.8,603,1,293
08-07-2022,16:00:00,25.8,49.1,603,1,296
08-07-2022,16:15:00,25.3,48.7,603,1,297
08-07-2022,16:30:00,25.1,48.6,596,1,298
08-07-2022,16:45:00,24.8,49,584,1,299
08-07-2022,17:00:00,25,52.3,606,0,302
08-07-2022,17:15:00,26.6,65.8,589,0,304
08-07-2022,17:30:00,27.3,70.8,593,0,307
08-07-2022,17:45:00,27.7,73.7,590,0,308
08-07-2022,18:00:00,28,75.5,620,0,310
08-07-2022,18:15:00,28.2,76.4,623,0,310
08-07-2022,18:30:00,28.4,76.7,640,0,310
08-07-2022,18:45:00,28.6,77.3,636,0,311
08-07-2022,19:00:00,28.6,77.2,642,0,313
08-07-2022,19:15:00,28.7,76.6,644,0,314
08-07-2022,19:30:00,28.8,76.9,618,0,315
08-07-2022,19:45:00,28.9,76.7,610,0,317
08-07-2022,20:00:00,28.9,77,604,0,318
08-07-2022,20:15:00,29,77,590,0,320
08-07-2022,20:30:00,29.1,77,583,0,318
08-07-2022,20:45:00,29.1,77,583,0,322
08-07-2022,21:00:00,29.1,76.9,567,0,323
08-07-2022,21:15:00,29.2,76.9,567,0,323
08-07-2022,21:30:00,29.2,76.8,558,0,324
08-07-2022,21:45:00,29.2,77,549,0,326
08-07-2022,22:00:00,29.2,76.9,554,0,327
08-07-2022,22:15:00,29.3,77.1,550,0,329
08-07-2022,22:30:00,29.2,77.1,551,0,330
08-07-2022,22:45:00,29.3,76.9,543,0,329
08-07-2022,23:00:00,29.3,76.8,543,0,330
08-07-2022,23:15:00,29.3,76.9,542,0,330
08-07-2022,23:30:00,29.3,76.9,545,0,330
08-07-2022,23:45:00,29.3,76.9,533,0,332
09-07-2022,00:00:00,29.3,77,529,0,333
09-07-2022,00:15:00,29.3,76.9,527,0,332
09-07-2022,00:30:00,29.3,77,527,0,336
09-07-2022,00:45:00,29.3,77.1,520,0,335
09-07-2022,01:00:00,29.3,77.2,530,0,336
09-07-2022,01:15:00,29.3,77.4,531,0,335
09-07-2022,01:30:00,29.3,77.4,527,0,339
09-07-2022,01:45:00,29.3,77.5,527,0,340
09-07-2022,02:00:00,29.3,77.6,526,0,339
09-07-2022,02:15:00,29.3,77.6,518,0,340
09-07-2022,02:30:00,29.3,77.8,514,0,341
09-07-2022,02:45:00,29.3,77.9,515,0,338
09-07-2022,03:00:00,29.3,78,528,0,342
09-07-2022,03:15:00,29.3,78,521,0,347
09-07-2022,03:30:00,29.3,78.1,518,0,341
09-07-2022,03:45:00,29.2,78.2,522,0,338
09-07-2022,04:00:00,29.2,78.4,520,0,343
09-07-2022,04:15:00,29.2,78.4,521,0,344
09-07-2022,04:30:00,29.2,78.4,521,0,344
09-07-2022,04:45:00,29.2,78.5,520,0,342
09-07-2022,05:00:00,29.2,78.5,524,0,344
09-07-2022,05:15:00,29.2,78.5,521,0,344
09-07-2022,05:30:00,29.2,78.6,521,0,345
09-07-2022,05:45:00,29.2,78.8,529,0,348
09-07-2022,06:00:00,29.2,79,522,0,345
09-07-2022,06:15:00,29.2,79.2,523,0,345
09-07-2022,06:30:00,29.2,79.3,530,0,346
09-07-2022,06:45:00,29.2,79.4,515,0,347
09-07-2022,07:00:00,29.2,79.4,521,0,349
09-07-2022,07:15:00,29.2,79.5,508,0,349
09-07-2022,07:30:00,29.2,79.5,521,0,348
09-07-2022,07:45:00,29.2,79.6,519,0,352
09-07-2022,08:00:00,29.1,79.6,510,0,352
09-07-2022,08:15:00,29.2,79.7,512,0,350
09-07-2022,08:30:00,29.2,79.7,509,0,354
09-07-2022,08:45:00,29.2,79.8,503,0,353
09-07-2022,09:00:00,29.2,79.8,507,0,355
09-07-2022,09:15:00,29.2,79.8,501,0,350
09-07-2022,09:30:00,29.2,79.7,506,0,350
09-07-2022,09:45:00,29.2,79.7,493,0,355
09-07-2022,10:00:00,29.2,79.6,501,0,356
09-07-2022,10:15:00,28.3,67.6,537,1,353
09-07-2022,10:30:00,27.1,55.7,577,1,355
09-07-2022,10:45:00,26.2,51.2,614,1,358
09-07-2022,11:00:00,25.9,49.7,643,1,357
09-07-2022,11:15:00,25.4,49.3,639,1,356
09-07-2022,11:30:00,26.1,53.5,711,1,354
09-07-2022,11:45:00,27.3,66.8,665,1,358
09-07-2022,12:00:00,27.9,72.8,627,1,358
09-07-2022,12:15:00,28.2,74.7,620,1,357
09-07-2022,12:30:00,28.4,75.3,638,1,362
09-07-2022,12:45:00,28.6,76,636,1,363
09-07-2022,13:00:00,28.8,77,648,1,361
09-07-2022,13:15:00,28.9,78.6,627,1,352
09-07-2022,13:30:00,29.1,79.4,631,1,353
09-07-2022,13:45:00,29.1,79.4,621,1,349
09-07-2022,14:00:00,29.2,79.7,592,1,361
09-07-2022,14:15:00,29.2,80.2,572,1,355
09-07-2022,14:30:00,29.3,80.5,553,1,297
09-07-2022,14:45:00,28.6,68.8,571,1,293
09-07-2022,15:00:00,27.1,56.4,593,1,290
09-07-2022,15:15:00,26.5,50.8,610,1,286
09-07-2022,15:30:00,26,49.2,604,1,285
09-07-2022,15:45:00,25.6,48.2,595,1,262
09-07-2022,16:00:00,26.6,68.7,648,1,250
09-07-2022,16:15:00,26.6,62.6,643,1,198
09-07-2022,16:30:00,25.7,52.4,612,1,190
09-07-2022,16:45:00,26.5,69.7,638,1,184
09-07-2022,17:00:00,26.6,62.4,636,1,174
09-07-2022,17:15:00,25.4,52,637,1,173
09-07-2022,17:30:00,26.5,71,643,1,125
09-07-2022,17:45:00,26.3,61.4,670,1,121
09-07-2022,18:00:00,25.4,59.8,624,1,114
09-07-2022,18:15:00,26.6,71.7,638,1,101
09-07-2022,18:30:00,26,59.6,639,1,98
09-07-2022,18:45:00,26.7,61.8,665,1,277
09-07-2022,19:00:00,27.2,63.4,657,1,277
09-07-2022,19:15:00,27.5,64.3,641,1,275
09-07-2022,19:30:00,27.7,65.6,649,1,271
09-07-2022,19:45:00,27.9,66.6,646,1,269
09-07-2022,20:00:00,28.1,67.9,637,1,265
09-07-2022,20:15:00,28.2,69.2,614,1,264
09-07-2022,20:30:00,28.3,70.3,592,1,260
09-07-2022,20:45:00,28.4,71.3,569,1,256
09-07-2022,21:00:00,28.5,72.1,575,1,253
09-07-2022,21:15:00,28.6,72.9,563,1,251
09-07-2022,21:30:00,28.7,73.2,562,1,250
09-07-2022,21:45:00,28.8,73.6,546,1,250
09-07-2022,22:00:00,28.8,74,542,1,248
09-07-2022,22:15:00,28.8,74.5,546,1,246
09-07-2022,22:30:00,28.9,75,528,1,242
09-07-2022,22:45:00,28.9,75.4,528,1,239
09-07-2022,23:00:00,29,75.6,540,1,238
09-07-2022,23:15:00,29,76.1,530,1,237
09-07-2022,23:30:00,29,76.2,518,0,235
09-07-2022,23:45:00,29,76,526,0,234
10-07-2022,00:00:00,29.1,76,526,0,234
10-07-2022,00:15:00,29.1,76.1,522,0,231
10-07-2022,00:30:00,29.1,76.1,523,0,228
10-07-2022,00:45:00,29.1,76.2,516,0,226
10-07-2022,01:00:00,29.1,76.3,523,0,226
10-07-2022,01:15:00,29.1,76.5,522,0,222
10-07-2022,01:30:00,29.1,76.8,514,0,221
10-07-2022,01:45:00,29.1,76.7,519,0,219
10-07-2022,02:00:00,29.1,76.9,516,0,217
10-07-2022,02:15:00,29.1,76.7,510,0,215
10-07-2022,02:30:00,29.1,76.8,519,0,212
10-07-2022,02:45:00,29.2,77.3,516,0,211
10-07-2022,03:00:00,29.1,77.4,525,0,209
10-07-2022,03:15:00,29.1,77.5,511,0,208
10-07-2022,03:30:00,29.1,77.9,510,0,207
10-07-2022,03:45:00,29.1,78,513,0,204
10-07-2022,04:00:00,29.1,78.1,527,0,202
10-07-2022,04:15:00,29.1,78.1,506,0,200
10-07-2022,04:30:00,29.1,78.2,515,0,198
10-07-2022,04:45:00,29.1,78.4,517,0,196
10-07-2022,05:00:00,29.1,78.4,517,0,194
10-07-2022,05:15:00,29.1,78.4,519,0,190
10-07-2022,05:30:00,29.1,78.6,515,0,187
10-07-2022,05:45:00,29.1,78.6,522,0,185
10-07-2022,06:00:00,29.1,78.7,507,0,184
10-07-2022,06:15:00,29.1,78.6,514,0,182
10-07-2022,06:30:00,29,78.8,514,0,179
10-07-2022,06:45:00,29,79,505,0,176
10-07-2022,07:00:00,29,79.1,511,0,173
10-07-2022,07:15:00,29.1,79.1,502,0,172
10-07-2022,07:30:00,29,79.2,512,0,413
10-07-2022,07:45:00,29,79.4,501,0,414
10-07-2022,08:00:00,29,79.5,502,0,404
10-07-2022,08:15:00,29.1,79.4,502,0,391
10-07-2022,08:30:00,29.1,79.4,511,0,384
10-07-2022,08:45:00,29.1,79.4,500,0,384
10-07-2022,09:00:00,29.1,79.5,498,0,379
10-07-2022,09:15:00,29.1,79.7,491,0,375
10-07-2022,09:30:00,29.1,79.9,497,0,379
10-07-2022,09:45:00,29.1,80.1,498,0,389
10-07-2022,10:00:00,29.1,80.3,499,0,395
10-07-2022,10:15:00,29.1,80.4,500,0,402
10-07-2022,10:30:00,29.1,80.5,493,0,399
10-07-2022,10:45:00,29.1,80.5,484,0,397
10-07-2022,11:00:00,29.1,80.6,494,0,392
10-07-2022,11:15:00,29.2,81,495,0,388
10-07-2022,11:30:00,29.2,80.7,504,1,388
10-07-2022,11:45:00,27.3,63,540,1,387
10-07-2022,12:00:00,26.5,55.7,557,1,387
10-07-2022,12:15:00,25.8,54.5,549,1,388
10-07-2022,12:30:00,25.3,51.9,570,1,390
10-07-2022,12:45:00,24.5,50.3,598,1,395
10-07-2022,13:00:00,25.4,64.6,603,1,397
10-07-2022,13:15:00,26.4,73.1,618,1,392
10-07-2022,13:30:00,26.9,75.5,700,1,390
10-07-2022,13:45:00,25.6,58.5,701,1,389
10-07-2022,14:00:00,26.2,72.5,684,1,389
10-07-2022,14:15:00,26.9,76.6,692,1,385
10-07-2022,14:30:00,26,60.7,719,1,388
10-07-2022,14:45:00,25.8,65.4,747,1,391
10-07-2022,15:00:00,26.7,74.6,764,1,391
10-07-2022,15:15:00,27,71,806,1,391
10-07-2022,15:30:00,27.5,76,760,1,391
10-07-2022,15:45:00,27.9,77.7,733,1,390
10-07-2022,16:00:00,27.7,71.3,728,1,391
10-07-2022,16:15:00,26.3,54.9,725,1,391
10-07-2022,16:30:00,25.9,60.5,716,1,393
10-07-2022,16:45:00,26.8,72.5,730,1,393
10-07-2022,17:00:00,27,68.5,742,1,392
10-07-2022,17:15:00,25.6,53.2,709,1,394
10-07-2022,17:30:00,26.4,66.3,737,1,392
10-07-2022,17:45:00,25.1,51.9,745,1,391
10-07-2022,18:00:00,24.5,47.9,711,1,390
10-07-2022,18:15:00,25.5,52.5,801,1,389
10-07-2022,18:30:00,26.2,54.5,743,1,388
10-07-2022,18:45:00,26.6,57.2,728,1,388
10-07-2022,19:00:00,26.9,59.1,712,1,389
10-07-2022,19:15:00,27.1,60.9,705,1,388
10-07-2022,19:30:00,27.3,63.1,694,1,388
10-07-2022,19:45:00,27.4,64.6,669,1,390
10-07-2022,20:00:00,27.5,66.3,659,1,391
10-07-2022,20:15:00,27.7,68.3,630,1,392
10-07-2022,20:30:00,27.8,69.6,618,1,393
10-07-2022,20:45:00,27.9,71.2,599,0,392
10-07-2022,21:00:00,28,73,578,0,392
10-07-2022,21:15:00,28.1,75.3,557,0,391
10-07-2022,21:30:00,28.1,76.5,547,0,391
10-07-2022,21:45:00,28.2,76.9,538,0,388
10-07-2022,22:00:00,28.2,77.3,532,0,386
10-07-2022,22:15:00,28.2,77.5,543,0,389
10-07-2022,22:30:00,28.3,77.6,535,0,389
10-07-2022,22:45:00,28.3,78,537,0,388
10-07-2022,23:00:00,28.4,78.1,523,0,391
10-07-2022,23:15:00,28.4,78.4,530,0,391
10-07-2022,23:30:00,28.4,78.5,528,0,392
10-07-2022,23:45:00,28.4,78.7,521,0,390
11-07-2022,00:00:00,28.5,78.3,511,0,391
11-07-2022,00:15:00,28.5,77.9,515,0,392
11-07-2022,00:30:00,28.5,77.9,515,0,394
11-07-2022,00:45:00,28.5,77.9,516,0,395
11-07-2022,01:00:00,28.5,77.9,508,0,395
11-07-2022,01:15:00,28.5,78,516,0,394
11-07-2022,01:30:00,28.5,78.1,509,0,395
11-07-2022,01:45:00,28.5,78.4,512,0,394
11-07-2022,02:00:00,28.5,78.6,507,0,390
11-07-2022,02:15:00,28.5,78.7,503,0,390
11-07-2022,02:30:00,28.5,79,507,0,390
11-07-2022,02:45:00,28.5,79,505,0,389
11-07-2022,03:00:00,28.5,79.1,520,0,390
11-07-2022,03:15:00,28.5,79,514,0,389
11-07-2022,03:30:00,28.5,79.2,506,0,389
11-07-2022,03:45:00,28.5,79.5,513,0,388
11-07-2022,04:00:00,28.5,79.7,520,0,388
11-07-2022,04:15:00,28.5,79.9,513,0,387
11-07-2022,04:30:00,28.5,79.9,521,0,393
11-07-2022,04:45:00,28.5,80,523,0,393
11-07-2022,05:00:00,28.5,80,522,0,388
11-07-2022,05:15:00,28.5,80.1,518,0,387
11-07-2022,05:30:00,28.5,80.2,521,0,386
11-07-2022,05:45:00,28.5,80.2,513,0,385
11-07-2022,06:00:00,28.4,80.3,517,0,386
11-07-2022,06:15:00,28.4,80.3,523,0,386
11-07-2022,06:30:00,28.4,80.5,518,0,386
11-07-2022,06:45:00,28.4,80.5,504,0,389
11-07-2022,07:00:00,28.4,80.7,507,0,387
11-07-2022,07:15:00,28.4,80.7,514,0,387
11-07-2022,07:30:00,28.4,80.9,518,0,387
11-07-2022,07:45:00,28.4,81.1,505,0,387
11-07-2022,08:00:00,28.4,81.2,507,0,385
11-07-2022,08:15:00,28.5,81.2,506,0,385
11-07-2022,08:30:00,28.5,81.7,495,0,380
11-07-2022,08:45:00,28.5,81.5,513,0,380
11-07-2022,09:00:00,28.5,81.6,497,0,383
11-07-2022,09:15:00,28.5,81.7,497,0,386
11-07-2022,09:30:00,28.5,81.9,490,0,388
11-07-2022,09:45:00,28.6,82,486,0,388
11-07-2022,10:00:00,28.5,79.4,514,0,386
11-07-2022,10:15:00,26.8,62,539,0,385
11-07-2022,10:30:00,26.1,59.4,572,0,383
11-07-2022,10:45:00,25.8,58.4,571,0,380
11-07-2022,11:00:00,25.5,58.2,581,0,381
11-07-2022,11:15:00,25.3,58.8,541,0,376
11-07-2022,11:30:00,25.2,59.5,546,0,375
11-07-2022,11:45:00,25.1,59.2,560,0,378
11-07-2022,12:00:00,25.9,65.9,617,0,378
11-07-2022,12:15:00,26.7,74.7,557,0,376
11-07-2022,12:30:00,25.6,63.9,545,0,377
11-07-2022,12:45:00,25.3,60.4,543,0,376
11-07-2022,13:00:00,25,59.1,553,0,378
11-07-2022,13:15:00,25.7,64.7,550,0,378
11-07-2022,13:30:00,26.5,66.5,547,0,378
11-07-2022,13:45:00,26.9,76.2,487,0,378
11-07-2022,14:00:00,27.2,79.9,488,0,381
11-07-2022,14:15:00,27,72.9,496,0,382
11-07-2022,14:30:00,26.4,63.8,563,1,382
11-07-2022,14:45:00,25.5,56.1,606,1,379
11-07-2022,15:00:00,25.3,51.9,626,1,377
11-07-2022,15:15:00,25,51,606,1,375
11-07-2022,15:30:00,24.8,50.4,605,1,375
11-07-2022,15:45:00,25.5,65.5,623,1,376
11-07-2022,16:00:00,26.1,68.7,630,1,377
11-07-2022,16:15:00,26.3,64.3,622,1,376
11-07-2022,16:30:00,26.8,65.8,609,1,375
11-07-2022,16:45:00,27.2,74.5,661,1,377
11-07-2022,17:00:00,27.5,76.1,694,1,380
11-07-2022,17:15:00,27.8,77,736,1,380
11-07-2022,17:30:00,28,77.3,742,1,378
11-07-2022,17:45:00,28.2,77.4,737,1,376
11-07-2022,18:00:00,28.4,77.7,756,1,381
11-07-2022,18:15:00,28,68.8,877,1,380
11-07-2022,18:30:00,26.4,57.1,914,1,378
11-07-2022,18:45:00,25.9,50.8,900,1,377
11-07-2022,19:00:00,26.9,55.7,901,1,373
11-07-2022,19:15:00,27.5,59.5,849,1,372
11-07-2022,19:30:00,27.8,59.8,872,1,375
11-07-2022,19:45:00,28,59.4,868,1,374
11-07-2022,20:00:00,28.1,61.3,829,1,373
11-07-2022,20:15:00,28.2,62.3,822,1,374
11-07-2022,20:30:00,28.4,66.2,770,1,371
11-07-2022,20:45:00,28.4,67.8,726,1,373
11-07-2022,21:00:00,28.5,69,707,0,359
11-07-2022,21:15:00,28.6,69.7,685,0,359
11-07-2022,21:30:00,28.7,70.8,668,0,360
11-07-2022,21:45:00,28.7,71.6,640,0,358
11-07-2022,22:00:00,28.8,72.6,616,0,356
11-07-2022,22:15:00,28.9,72.9,603,0,353
11-07-2022,22:30:00,28.9,73.1,596,0,351
11-07-2022,22:45:00,29,73.6,573,0,350
11-07-2022,23:00:00,29,75.5,548,0,354
11-07-2022,23:15:00,29,76.2,540,0,352
11-07-2022,23:30:00,29,76.6,537,0,353
11-07-2022,23:45:00,29.1,76.9,534,0,352
12-07-2022,00:00:00,29.1,76.9,522,0,353
12-07-2022,00:15:00,29.1,77.2,525,0,354
12-07-2022,00:30:00,29.1,77.2,534,0,352
12-07-2022,00:45:00,29.1,77.2,526,0,350
12-07-2022,01:00:00,29.1,77.3,521,0,349
12-07-2022,01:15:00,29.1,77.4,517,0,348
12-07-2022,01:30:00,29.2,77.3,522,0,348
12-07-2022,01:45:00,29.2,77.4,510,0,348
12-07-2022,02:00:00,29.2,77.4,513,0,348
12-07-2022,02:15:00,29.2,77.5,508,0,345
12-07-2022,02:30:00,29.2,77.6,514,0,343
12-07-2022,02:45:00,29.2,77.7,506,0,341
12-07-2022,03:00:00,29.2,77.7,520,0,341
12-07-2022,03:15:00,29.2,77.7,508,0,343
12-07-2022,03:30:00,29.1,77.6,501,0,344
12-07-2022,03:45:00,29.2,77.8,503,0,345
12-07-2022,04:00:00,29.1,77.8,504,0,345
12-07-2022,04:15:00,29.1,77.7,503,0,346
12-07-2022,04:30:00,29.1,77.7,515,0,345
12-07-2022,04:45:00,29.1,77.8,518,0,342
12-07-2022,05:00:00,29.1,77.9,504,0,339
12-07-2022,05:15:00,29.1,77.8,505,0,340
12-07-2022,05:30:00,29.1,78,509,0,339
12-07-2022,05:45:00,29.1,78,506,0,339
12-07-2022,06:00:00,29.1,78,500,0,337
12-07-2022,06:15:00,29.1,78.1,502,0,337
12-07-2022,06:30:00,29.1,78.1,505,0,334
12-07-2022,06:45:00,29.1,78.2,505,0,331
12-07-2022,07:00:00,29.1,78.3,506,0,330
12-07-2022,07:15:00,29.1,78.4,490,0,329
12-07-2022,07:30:00,29.1,78.6,497,0,328
12-07-2022,07:45:00,29.1,78.7,489,0,328
12-07-2022,08:00:00,29.1,79,492,0,327
12-07-2022,08:15:00,29.1,79,497,0,326
12-07-2022,08:30:00,29.1,79.1,489,0,326
12-07-2022,08:45:00,29.1,79.2,498,0,329
12-07-2022,09:00:00,29.1,79.2,490,0,328
12-07-2022,09:15:00,29.1,79.6,496,0,328
12-07-2022,09:30:00,29.2,79.8,498,0,327
12-07-2022,09:45:00,29.1,79.8,498,0,325
12-07-2022,10:00:00,29.2,79.8,497,0,324
12-07-2022,10:15:00,29.2,79.9,493,0,325
12-07-2022,10:30:00,29.2,80.2,495,0,325
12-07-2022,10:45:00,29.2,80.4,497,0,328
12-07-2022,11:00:00,28.2,62.7,582,1,326
12-07-2022,11:15:00,27.2,54.9,619,1,326
12-07-2022,11:30:00,26.7,51.7,647,1,320
12-07-2022,11:45:00,26.4,53.5,654,1,318
12-07-2022,12:00:00,26,51.5,647,1,318
12-07-2022,12:15:00,25.8,51.7,664,1,322
12-07-2022,12:30:00,25.6,51.4,667,1,323
12-07-2022,12:45:00,25.4,52.5,639,1,319
12-07-2022,13:00:00,25.4,50.7,700,1,321
12-07-2022,13:15:00,25.6,58.8,728,1,318
12-07-2022,13:30:00,26.6,64.3,661,1,315
12-07-2022,13:45:00,25.9,52.5,668,1,317
12-07-2022,14:00:00,25.6,50.8,662,1,319
12-07-2022,14:15:00,25.4,48.1,671,1,314
12-07-2022,14:30:00,25.2,48.1,667,1,312
12-07-2022,14:45:00,25,46.9,637,0,312
12-07-2022,15:00:00,25,47,636,0,311
12-07-2022,15:15:00,24.8,47.3,604,0,311
12-07-2022,15:30:00,24.9,47.2,586,0,304
12-07-2022,15:45:00,24.5,46.8,573,0,302
12-07-2022,16:00:00,24,48.6,559,0,300
12-07-2022,16:15:00,23.8,47.7,550,0,305
12-07-2022,16:30:00,23.5,47.8,551,0,303
12-07-2022,16:45:00,23.4,47.8,560,0,302
12-07-2022,17:00:00,23.2,46.8,559,0,300
12-07-2022,17:15:00,23.1,45.6,558,0,302
12-07-2022,17:30:00,23.9,50.4,574,0,302
12-07-2022,17:45:00,25.5,82.2,650,0,301
12-07-2022,18:00:00,26.4,84.4,595,0,304
12-07-2022,18:15:00,26.9,74.3,579,0,301
12-07-2022,18:30:00,27,77,565,0,302
12-07-2022,18:45:00,27.1,75.8,566,0,298
12-07-2022,19:00:00,27.1,75.3,568,0,297
12-07-2022,19:15:00,27.1,75.2,541,0,293
12-07-2022,19:30:00,27,73.6,571,0,290
12-07-2022,19:45:00,27,71.8,594,0,286
12-07-2022,20:00:00,27,71.4,573,0,285
12-07-2022,20:15:00,26.9,71.1,589,0,283
12-07-2022,20:30:00,26.9,71.6,566,0,283
12-07-2022,20:45:00,26.8,76.6,538,0,282
12-07-2022,21:00:00,26.9,78.8,569,0,281
12-07-2022,21:15:00,27,79.3,568,0,275
12-07-2022,21:30:00,27.2,77.4,603,0,274
12-07-2022,21:45:00,27.3,76.5,601,0,276
12-07-2022,22:00:00,27.3,73.5,630,0,273
12-07-2022,22:15:00,27.2,71.1,618,0,271
12-07-2022,22:30:00,27.1,71.2,587,0,270
12-07-2022,22:45:00,27,62.6,657,0,268
12-07-2022,23:00:00,27,73.4,555,0,275
12-07-2022,23:15:00,27,73,561,0,277
12-07-2022,23:30:00,27.1,68.1,570,0,277
12-07-2022,23:45:00,27,68.3,571,0,275
13-07-2022,00:00:00,26.9,68.7,567,0,271
13-07-2022,00:15:00,26.8,70.4,556,0,269
13-07-2022,00:30:00,26.7,70.1,549,0,265
13-07-2022,00:45:00,26.7,75.2,518,0,264
13-07-2022,01:00:00,26.8,78,519,0,260
13-07-2022,01:15:00,26.9,77.3,533,0,256
13-07-2022,01:30:00,27,78.8,517,0,253
13-07-2022,01:45:00,27.1,80,514,0,251
13-07-2022,02:00:00,27.2,79.8,510,0,250
13-07-2022,02:15:00,27.3,81.3,509,0,250
13-07-2022,02:30:00,27.4,79.8,508,0,248
13-07-2022,02:45:00,27.4,80.2,513,0,246
13-07-2022,03:00:00,27.5,79.3,519,0,242
13-07-2022,03:15:00,27.6,80.5,515,0,239
13-07-2022,03:30:00,27.6,82.7,507,0,238
13-07-2022,03:45:00,27.7,83.6,523,0,237
13-07-2022,04:00:00,27.7,83.6,522,0,235
13-07-2022,04:15:00,27.8,83.8,532,0,234
13-07-2022,04:30:00,27.9,84.1,522,0,234
13-07-2022,04:45:00,27.9,84.4,532,0,231
13-07-2022,05:00:00,27.9,84.7,532,0,228
13-07-2022,05:15:00,27.9,85,552,0,226
13-07-2022,05:30:00,28,84.7,553,0,226
13-07-2022,05:45:00,28,85.2,568,0,222
13-07-2022,06:00:00,28.1,85,559,0,221
13-07-2022,06:15:00,28.1,84.7,552,0,219
13-07-2022,06:30:00,28.1,84.2,554,0,217
13-07-2022,06:45:00,28.2,84.2,545,0,215
13-07-2022,07:00:00,28.2,83.9,548,0,212
13-07-2022,07:15:00,28.2,84.2,541,0,211
13-07-2022,07:30:00,28.3,84,546,0,209
13-07-2022,07:45:00,28.3,84.2,545,0,208
13-07-2022,08:00:00,28.4,84.1,535,0,207
13-07-2022,08:15:00,28.5,84,537,0,204
13-07-2022,08:30:00,28.5,83.6,529,0,202
13-07-2022,08:45:00,28.6,82.5,522,0,200
13-07-2022,09:00:00,28.5,78.6,546,0,198
13-07-2022,09:15:00,28.4,76.7,545,0,196
13-07-2022,09:30:00,28.3,74.3,542,0,194
13-07-2022,09:45:00,28.1,76.2,545,0,190
13-07-2022,10:00:00,28,79.3,518,0,187
13-07-2022,10:15:00,27.9,76.2,525,0,185
13-07-2022,10:30:00,27.9,81.3,573,1,184
13-07-2022,10:45:00,28,77.2,591,1,182
13-07-2022,11:00:00,27.9,63.1,736,1,179
13-07-2022,11:15:00,27.7,76.4,744,1,176
13-07-2022,11:30:00,27.4,74.1,564,1,173
13-07-2022,11:45:00,27.3,76.3,557,1,172
